rmse,r2,aic,bic,adjusted_r2,mape,mae,explained_variance,train_time(second),model_name,note
0.2627901626334134,0.930941330423104,-12455.279443190168,-12403.694983569516,0.9308226983946276,6.304134425272167,0.1736663844094461,0.9309413958987404,0.2224118709564209,Random Forest,Using default parameters
0.6178115223086013,0.6183089229027288,-4478.028486688494,-4426.444027067843,0.617653237135759,15.604837206815384,0.4455952781870845,0.6183089229027288,0.2373785972595214,Gradient Boosting,Using default parameters
0.7472851660544836,0.4415648805949229,-2702.490159548767,-2650.905699928116,0.4406055761166664,18.017815667188625,0.5581004733962439,0.4424740390722878,0.0430390834808349,AdaBoost,Using default parameters
0.3061079541081387,0.9062979204317296,-11031.384425136086,-10979.799965515434,0.9061369548666564,5.678590121447674,0.1939639887019755,0.90631858077711,1.1650269031524658,Bagging,Using default parameters
0.1176374366568535,0.9861614334968049,-19955.86071846645,-19904.2762588458,0.9861376609969066,0.0702287389797621,0.0248617152596561,0.9861614334968049,0.1101593971252441,Extra Tree,Using default parameters
0.4660937320845341,0.7827566329115105,-7107.755059160197,-7056.170599539546,0.7823834426738666,12.31590156229043,0.3340316781758561,0.7827566449199648,1.102557897567749,CatBoost,Using default parameters
0.3438750698558075,0.8817499363316634,-9945.694025738889,-9894.109566118235,0.8815468011567984,9.722487506420231,0.23440282444618,0.881749960903995,1.0580148696899414,XGBoost,Using default parameters
0.4999444609569222,0.7500555359584925,-6453.486127260378,-6401.901667639728,0.7496261703341995,12.78514174622285,0.35240743943653624,0.7500555359584926,0.21529865264892578,LightGBM,Using default parameters
