rmse,r2,aic,bic,adjusted_r2,mape,mae,explained_variance,train_time(second),model_name,note
0.6426805096451201,0.944514654909664,-4107.747682799623,-4049.715165726391,0.9444074023096184,2420274591866.434,0.4230177153879128,0.9445148498857564,0.2914848327636719,Random Forest,Using default parameters
1.6624900775917926,0.6287160664648761,4761.609812832523,4819.642329905755,0.6279983784490222,5746366396036.884,1.1979188712863829,0.6287160664648761,0.4414100646972656,Gradient Boosting,Using default parameters
2.004319600588575,0.4603378245607397,6506.583010956388,6564.61552802962,0.4592946631391431,7223456892366.312,1.4878275512670445,0.4608468668909349,0.1071047782897949,AdaBoost,Using default parameters
0.7646669694097561,0.9214524408028136,-2485.914404596306,-2427.8818875230736,0.9213006091806544,2217052795565.433,0.4841415773681955,0.9214527174850896,2.207127809524536,Bagging,Using default parameters
6.708040667769574e-15,1.0,-304536.2012656615,-304478.1687485883,1.0,9.97184709317346e-16,4.477269567663393e-15,1.0,0.224799633026123,Extra Tree,Using default parameters
1.1628126464498727,0.8183616594827168,1425.655355677035,1483.6878727502674,0.8180105544430571,4249422417927.4927,0.8342530165250234,0.8183616702363066,1.3247413635253906,CatBoost,Using default parameters
0.7636197544136081,0.9216674359839248,-2498.703381587629,-2440.6708645143963,0.921516019945234,1190301442278.7568,0.5327077911386436,0.9216674382622748,0.2339057922363281,XGBoost,Using default parameters
1.2743599581334142,0.7818414358299715,2280.4879581079367,2338.520475181169,0.7814197375744881,6935226795800.2,0.89897062111665,0.7818414358299715,0.3481473922729492,LightGBM,Using default parameters
