rmse,r2,aic,bic,adjusted_r2,mape,mae,explained_variance,train_time(second),model_name,note
1.985795338722654,0.4538807588816463,1619.1695323956956,1664.7292570862746,0.4496326403249782,11628232236659.03,1.4810561416941677,0.4538807588816463,0.0014333724975585,Ridge,Using default parameters
1.6746113529910678,0.6116292027877468,1221.366311415272,1266.926036105851,0.6086081680644017,16928697828121.854,1.2085530462736964,0.6116292027877468,0.0048780441284179,Tree,Using default parameters
2.67829685309823,0.0065730757188575,2317.4126638969083,2362.972388587488,-0.0011545321623267,17394499472919.572,2.0950120275727344,0.0065734179528859,0.0556228160858154,Rbf,Using default parameters
6.658766113998042e-15,1.0,-76170.39368474306,-76124.83396005248,1.0,9.853109095779605e-16,4.4529147578611235e-15,1.0,0.06248307228088379,Extra Tree,Using default parameters
