rmse,r2,aic,bic,adjusted_r2,mape,mae,explained_variance,train_time(second),model_name,note
2.0477659990602057,0.4366884083337928,6706.705796270599,6764.738313343832,0.4355995328344381,5875848946239.866,1.5039147014433991,0.4366884083337927,0.017235517501831,Linear Regression,Using default parameters
2.3265199166384383,0.2728875479460222,7897.693996959445,7955.726514032677,0.2714820470722066,6866114626794.409,1.7414475910719371,0.2728875479460222,0.0059907436370849,Lasso,Using default parameters
2.0477661003835905,0.4366883525885187,6706.706258017597,6764.738775090829,0.4355994769814089,5876305973915.446,1.503902453463258,0.4366883525885187,0.0049669742584228,Ridge,Using default parameters
2.2057396707718033,0.34642333047832863,7400.19902241146,7458.231539484692,0.34515997351404704,6613439297998.616,1.6315568625042742,0.34642333047832863,0.004808902740478516,Elastic Net,Using default parameters
