rmse,r2,aic,bic,adjusted_r2,train_time(second),model_name,note
4.193345586907043,0.4366884083337928,6706.705796270599,6764.738313343832,0.4355995328344381,0.0017433166503906,Linear Regression,Using default parameters
5.412694922515327,0.2728875479460221,7897.693996959446,7955.726514032678,0.2714820470722064,0.0018706321716308,Lasso,Using default parameters
4.193346001880217,0.4366883525885187,6706.706258017597,6764.738775090829,0.4355994769814089,0.0012381076812744,Ridge,Using default parameters
4.865287495216504,0.3464233304783286,7400.19902241146,7458.231539484692,0.345159973514047,0.0012824535369873,Elastic Net,Using default parameters
4.195050554101348,0.4364593721706487,6708.602553863934,6766.635070937166,0.4353700539467517,0.0714731216430664,Lasso,"Fine tune, best params is {'alpha': 0.01}"
4.193385740402535,0.4366830143282219,6706.750475467454,6764.782992540686,0.4355941284023099,0.0612218379974365,Ridge,"Fine tune, best params is {'alpha': 10}"
4.194122331562869,0.4365840646160325,6707.5700119337,6765.602529006932,0.43549498742134696,0.2500622272491455,Elastic Net,"Fine tune, best params is {'alpha': 0.01, 'l1_ratio': 0.01}"
