rmse,r2,aic,bic,adjusted_r2,mape,mae,explained_variance,train_time(second),model_name,note
2.0477659990602057,0.4366884083337928,6706.705796270599,6764.738313343832,0.4355995328344381,5875848946229.86,1.5039147014434164,0.4366884083337927,0.0284864902496337,Linear Regression,Using default parameters
2.3265199166384387,0.2728875479460221,7897.693996959446,7955.726514032678,0.2714820470722064,6866114626794.41,1.7414475910719374,0.2728875479460221,0.0164916515350341,Lasso,Using default parameters
2.0477661003835905,0.4366883525885187,6706.706258017597,6764.738775090829,0.4355994769814089,5876305973915.454,1.5039024534632577,0.4366883525885187,0.0161535739898681,Ridge,Using default parameters
2.205739670771804,0.3464233304783286,7400.19902241146,7458.231539484692,0.345159973514047,6613439297998.616,1.6315568625042742,0.3464233304783286,0.0052602291107177,Elastic Net,Using default parameters
2.0481822560752128,0.4364593721706487,6708.602553863934,6766.635070937166,0.4353700539467517,5911006402937.853,1.5034748973823395,0.4364593721706485,0.1938755512237548,Lasso,"Fine tune, best params is {'alpha': 0.01}"
2.0477758032564344,0.4366830143282219,6706.750475467454,6764.782992540686,0.4355941284023099,5880373877140.813,1.5037985830969112,0.4366830143282219,0.1840248107910156,Ridge,"Fine tune, best params is {'alpha': 10}"
2.047955646873943,0.4365840646160325,6707.5700119337,6765.602529006932,0.43549498742134696,5896278212221.035,1.5034578938345433,0.4365840646160324,0.43047332763671875,Elastic Net,"Fine tune, best params is {'alpha': 0.01, 'l1_ratio': 0.01}"
