rmse,r2,aic,bic,adjusted_r2,mape,mae,explained_variance,train_time(second),model_name,note
3.1512548257686395,-0.3339976980513361,10729.276420769746,10787.308937842978,-0.3365763018491157,19786060669298.96,2.5489475504477914,-0.0505197284830365,0.2831201553344726,Linear,Using default parameters
2.7285148882900097,-9.369290674476892e-05,9385.064656040098,9443.09717311333,-0.0020268637048892,13031095398764.645,2.134795715200508,6.683916082828034e-06,1.0442051887512207,Poly,Using default parameters
2.715581365197845,0.0093649900903618,9340.724563968552,9398.757081041786,0.0074501028289386,13510230363760.486,2.124513338283915,0.00948882421106,1.0796146392822266,Rbf,Using default parameters
18.976443721263816,-47.37463333823165,27483.927523200346,27541.960040273578,-47.468141005766896,104306752735030.5,16.52002141517129,-47.0835182933073,1.7556474208831787,Sigmoid,Using default parameters
4.00060021638875,-1.1499994106238143,12956.299177755543,13014.331694828776,-1.154155337319608,4988965742045.07,3.3329529067916295,0.013398236752338533,17.20932173728943,Linear,"Fine tune, best params is {'C': 10, 'epsilon': 1}"
