rmse,r2,aic,bic,adjusted_r2,mape,mae,explained_variance,train_time(second),model_name,note
2.8022786230962007,-0.0548984648810044,9633.999637964043,9692.032155037276,-0.0569375727383776,16358028530678.545,2.2095560798558465,-0.0268461481670412,0.1696290969848632,Linear,Using default parameters
2.7285148882900097,-9.369290674476892e-05,9385.064656040098,9443.09717311333,-0.0020268637048892,13031095398764.645,2.134795715200508,6.683916082828034e-06,0.5324993133544922,Poly,Using default parameters
2.715581365197845,0.0093649900903618,9340.724563968552,9398.757081041786,0.0074501028289386,13510230363760.486,2.124513338283915,0.00948882421106,0.5706756114959717,Rbf,Using default parameters
18.976443721263816,-47.374633338231654,27483.927523200346,27541.960040273578,-47.468141005766896,104306752735030.5,16.52002141517129,-47.0835182933073,0.7839221954345703,Sigmoid,Using default parameters
