rmse,r2,aic,bic,adjusted_r2,mape,mae,explained_variance,train_time(second),model_name,note
0.7557176430848461,0.4288908439302851,-2597.776181849052,-2546.1917222284005,0.4279097674328495,17.076204770116984,0.5466644508474187,0.4310694023698345,0.03890061378479,Linear,Using default parameters
0.731963468337917,0.4642294810187271,-2895.814247581125,-2844.2297879604744,0.4633091107907153,16.325449160153735,0.5159120515203479,0.4642800167335409,0.8053293228149414,Poly,Using default parameters
0.6740899847607528,0.5456026924452481,-3664.4630498278793,-3612.878590207228,0.5448221087088431,14.80161127949154,0.4606799564058963,0.545743850066494,0.4195024967193603,Rbf,Using default parameters
57.10964280411574,-3260.5113012136885,37763.68783193609,37815.27229155674,-3266.114069177981,1111.1369361247373,36.93167760698347,-3232.1664787625514,0.7468547821044922,Sigmoid,Using default parameters
