rmse,r2,aic,bic,adjusted_r2,mape,mae,explained_variance,train_time(second),model_name,note
4.3973739882858766e-17,1.0,-351452.54711182794,-351394.5145947547,1.0,6.248907355109846e-19,2.712503746405226e-18,1.0,0.0544102191925048,Tree,Using default parameters
1.8561248948073843,0.537190330676343,5789.757308001834,5847.789825075066,0.5362957243567741,3950580045071.237,1.3291872999649008,0.537190330676343,16883.445297002792,Tree,"Fine tune, best params is {'criterion': 'poisson', 'max_depth': 50, 'max_features': None, 'max_leaf_nodes': 50, 'min_impurity_decrease': 0.0, 'min_samples_leaf': 4, 'min_samples_split': 2, 'min_weight_fraction_leaf': 0.0, 'splitter': 'best'}"
