rmse,r2,aic,bic,adjusted_r2,mape,mae,explained_variance,train_time(second),model_name,note
0.11763743665685354,0.9861614334968047,-19955.86071846645,-19904.2762588458,0.9861376609969066,0.07022873897976109,0.024861715259655366,0.9861614334968047,0.024701356887817383,Tree,Using default parameters
